{
  "evaluation_date": "2025-11-27T10:02:06.974913",
  "dataset_path": "/Users/nawfalrazouk/smarthr360_m3_future_skills/ml/future_skills_dataset.csv",
  "dataset_size": 357,
  "rule_based_engine": {
    "name": "Rule-Based Engine",
    "accuracy": 0.6722689075630253,
    "f1_macro": 0.2836036482192233,
    "f1_weighted": 0.5488371899459301,
    "per_class": {
      "LOW": {
        "precision": 0.0,
        "recall": 0.0,
        "f1_score": 0.0,
        "support": 0
      },
      "MEDIUM": {
        "precision": 0.6694915254237288,
        "recall": 1.0,
        "f1_score": 0.8020304568527918,
        "support": 237
      },
      "HIGH": {
        "precision": 1.0,
        "recall": 0.025,
        "f1_score": 0.04878048780487805,
        "support": 120
      }
    },
    "confusion_matrix": [
      [
        0,
        0,
        0
      ],
      [
        0,
        237,
        0
      ],
      [
        0,
        117,
        3
      ]
    ],
    "classification_report": {
      "LOW": {
        "precision": 0.0,
        "recall": 0.0,
        "f1-score": 0.0,
        "support": 0.0
      },
      "MEDIUM": {
        "precision": 0.6694915254237288,
        "recall": 1.0,
        "f1-score": 0.8020304568527918,
        "support": 237.0
      },
      "HIGH": {
        "precision": 1.0,
        "recall": 0.025,
        "f1-score": 0.04878048780487805,
        "support": 120.0
      },
      "accuracy": 0.6722689075630253,
      "macro avg": {
        "precision": 0.556497175141243,
        "recall": 0.3416666666666666,
        "f1-score": 0.2836036482192233,
        "support": 357.0
      },
      "weighted avg": {
        "precision": 0.7805868109955847,
        "recall": 0.6722689075630253,
        "f1-score": 0.5488371899459301,
        "support": 357.0
      }
    }
  },
  "ml_model": {
    "name": "ML Model",
    "accuracy": 0.9971988795518207,
    "f1_macro": 0.6645702121412317,
    "f1_weighted": 0.9971959680150412,
    "per_class": {
      "LOW": {
        "precision": 0.0,
        "recall": 0.0,
        "f1_score": 0.0,
        "support": 0
      },
      "MEDIUM": {
        "precision": 0.9957983193277311,
        "recall": 1.0,
        "f1_score": 0.9978947368421053,
        "support": 237
      },
      "HIGH": {
        "precision": 1.0,
        "recall": 0.9916666666666667,
        "f1_score": 0.99581589958159,
        "support": 120
      }
    },
    "confusion_matrix": [
      [
        0,
        0,
        0
      ],
      [
        0,
        237,
        0
      ],
      [
        0,
        1,
        119
      ]
    ],
    "classification_report": {
      "LOW": {
        "precision": 0.0,
        "recall": 0.0,
        "f1-score": 0.0,
        "support": 0.0
      },
      "MEDIUM": {
        "precision": 0.9957983193277311,
        "recall": 1.0,
        "f1-score": 0.9978947368421053,
        "support": 237.0
      },
      "HIGH": {
        "precision": 1.0,
        "recall": 0.9916666666666667,
        "f1-score": 0.99581589958159,
        "support": 120.0
      },
      "accuracy": 0.9971988795518207,
      "macro avg": {
        "precision": 0.665266106442577,
        "recall": 0.6638888888888889,
        "f1-score": 0.6645702121412317,
        "support": 357.0
      },
      "weighted avg": {
        "precision": 0.9972106489654686,
        "recall": 0.9971988795518207,
        "f1-score": 0.9971959680150412,
        "support": 357.0
      }
    }
  }
}